game,layer,frequency_rank,token_text,count,row_fraction
chameleon,1,1, Blowjob,24,1.0
chameleon,1,2, دمش,24,1.0
chameleon,1,3,obuf,24,1.0
chameleon,1,4,维也纳,24,1.0
chameleon,1,5,laves,24,1.0
chameleon,1,6,krát,24,1.0
chameleon,1,7,皇岛,24,1.0
chameleon,1,8,用书,24,1.0
chameleon,1,9,ياً,24,1.0
chameleon,1,10, 고객님의,15,0.625
chameleon,3,1, Blowjob,24,1.0
chameleon,3,2, milfs,24,1.0
chameleon,3,3, cumshot,3,0.125
chameleon,6,1,的,24,1.0
chameleon,15,1,ness,24,1.0
chameleon,15,2,est,6,0.25
chameleon,41,1,选择,3,1.0
chameleon,42,1, Choice,9,1.0
chameleon,43,1,选择,18,1.0
chameleon,43,2, Choice,3,0.16666666666666666
chameleon,44,1, Choice,9,0.75
chameleon,44,2, avoided,3,0.25
chameleon,45,1, Choice,15,1.0
chameleon,45,2, choice,6,0.4
chameleon,50,1,三,11,1.0
chameleon,55,1,"""B",18,0.8571428571428571
chameleon,55,2,*B,9,0.42857142857142855
chameleon,55,3,>B,3,0.14285714285714285
chameleon,55,4,ABC,3,0.14285714285714285
chameleon,56,1,"""B",18,0.8571428571428571
chameleon,56,2,*B,6,0.2857142857142857
chameleon,56,3,.B,3,0.14285714285714285
chameleon,56,4,"""C",3,0.14285714285714285
chameleon,56,5,*A,3,0.14285714285714285
chameleon,56,6,"""A",3,0.14285714285714285
chameleon,56,7,>B,3,0.14285714285714285
chameleon,57,1,"""B",18,0.8571428571428571
chameleon,57,2,.B,8,0.38095238095238093
chameleon,57,3,*B,6,0.2857142857142857
chameleon,57,4,"""C",6,0.2857142857142857
chameleon,57,5,"""A",6,0.2857142857142857
chameleon,57,6,*A,3,0.14285714285714285
chameleon,57,7,'A,3,0.14285714285714285
chameleon,58,1,"""B",18,0.75
chameleon,58,2,*B,12,0.5
chameleon,58,3,.B,6,0.25
chameleon,58,4,"""C",6,0.25
chameleon,58,5,"""A",6,0.25
chameleon,58,6,*A,6,0.25
chameleon,58,7,'B,6,0.25
chameleon,58,8,'A,3,0.125
chameleon,58,9,:A,3,0.125
chameleon,59,1,"""B",18,0.75
chameleon,59,2,"""C",6,0.25
chameleon,59,3,"""A",6,0.25
chameleon,60,1,.B,15,0.7142857142857143
chameleon,60,2,"""B",12,0.5714285714285714
chameleon,60,3,'B,6,0.2857142857142857
chameleon,60,4,"""C",3,0.14285714285714285
chameleon,61,1,"""C",9,0.42857142857142855
chameleon,61,2,"""A",6,0.2857142857142857
chameleon,61,3,.B,3,0.14285714285714285
chameleon,61,4,"""B",3,0.14285714285714285
chameleon,61,5,'A,3,0.14285714285714285
chameleon,61,6,.A,3,0.14285714285714285
chameleon,61,7,'B,3,0.14285714285714285
chameleon,62,1,А,6,0.3333333333333333
chameleon,62,2,"""C",6,0.3333333333333333
chameleon,62,3,_B,3,0.16666666666666666
chameleon,62,4,"""B",3,0.16666666666666666
cheap_talk,1,1, Blowjob,24,1.0
cheap_talk,1,2,维也纳,24,1.0
cheap_talk,1,3, دمش,24,1.0
cheap_talk,1,4,obuf,24,1.0
cheap_talk,1,5,laves,24,1.0
cheap_talk,1,6,krát,24,1.0
cheap_talk,1,7,皇岛,24,1.0
cheap_talk,1,8,用书,24,1.0
cheap_talk,1,9,ياً,24,1.0
cheap_talk,1,10,ankan,12,0.5
cheap_talk,1,11, 고객님의,12,0.5
cheap_talk,3,1, Blowjob,24,1.0
cheap_talk,3,2, milfs,24,1.0
cheap_talk,3,3, cumshot,24,1.0
cheap_talk,6,1,的,24,1.0
cheap_talk,14,1,的,23,1.0
cheap_talk,15,1,ness,24,1.0
cheap_talk,15,2,est,22,0.9166666666666666
cheap_talk,41,1, Choice,1,1.0
cheap_talk,42,1, Choice,12,0.9230769230769231
cheap_talk,42,2, closest,1,0.07692307692307693
cheap_talk,43,1, closest,17,0.9444444444444444
cheap_talk,43,2,closest,16,0.8888888888888888
cheap_talk,43,3, Choice,12,0.6666666666666666
cheap_talk,43,4, Target,8,0.4444444444444444
cheap_talk,43,5,接近,3,0.16666666666666666
cheap_talk,43,6, nearest,2,0.1111111111111111
cheap_talk,43,7, closer,1,0.05555555555555555
cheap_talk,43,8,靠近,1,0.05555555555555555
cheap_talk,44,1, closest,17,0.9444444444444444
cheap_talk,44,2,closest,17,0.9444444444444444
cheap_talk,44,3, nearest,14,0.7777777777777778
cheap_talk,44,4,接近,10,0.5555555555555556
cheap_talk,44,5, closer,5,0.2777777777777778
cheap_talk,44,6, Choice,4,0.2222222222222222
cheap_talk,44,7,靠近,2,0.1111111111111111
cheap_talk,44,8, choice,1,0.05555555555555555
cheap_talk,45,1, closest,17,0.9444444444444444
cheap_talk,45,2,closest,11,0.6111111111111112
cheap_talk,45,3, Choice,8,0.4444444444444444
cheap_talk,45,4, nearest,4,0.2222222222222222
cheap_talk,45,5,接近,4,0.2222222222222222
cheap_talk,45,6,靠近,2,0.1111111111111111
cheap_talk,45,7, closer,1,0.05555555555555555
cheap_talk,45,8,因为没有,1,0.05555555555555555
cheap_talk,46,1, closest,4,1.0
cheap_talk,46,2,closest,3,0.75
cheap_talk,53,1, Choice,3,0.75
cheap_talk,53,2,答案,1,0.25
cheap_talk,55,1,:B,14,0.6086956521739131
cheap_talk,55,2,*B,10,0.43478260869565216
cheap_talk,55,3,"""B",8,0.34782608695652173
cheap_talk,55,4,答案,6,0.2608695652173913
cheap_talk,55,5,>B,4,0.17391304347826086
cheap_talk,55,6,ABC,3,0.13043478260869565
cheap_talk,55,7,"""C",1,0.043478260869565216
cheap_talk,55,8,BBBB,1,0.043478260869565216
cheap_talk,56,1,"""B",17,0.7083333333333334
cheap_talk,56,2,:B,8,0.3333333333333333
cheap_talk,56,3,*B,6,0.25
cheap_talk,56,4,答案,5,0.20833333333333334
cheap_talk,56,5,>B,3,0.125
cheap_talk,56,6,"""C",2,0.08333333333333333
cheap_talk,56,7,'B,2,0.08333333333333333
cheap_talk,56,8,.getB,1,0.041666666666666664
cheap_talk,56,9, BC,1,0.041666666666666664
cheap_talk,56,10,AAA,1,0.041666666666666664
cheap_talk,56,11, BCA,1,0.041666666666666664
cheap_talk,56,12,ABC,1,0.041666666666666664
cheap_talk,57,1,"""B",17,0.7083333333333334
cheap_talk,57,2,*B,11,0.4583333333333333
cheap_talk,57,3,答案,6,0.25
cheap_talk,57,4,:B,5,0.20833333333333334
cheap_talk,57,5, BC,3,0.125
cheap_talk,57,6,"""C",2,0.08333333333333333
cheap_talk,57,7,'B,2,0.08333333333333333
cheap_talk,57,8,"""A",1,0.041666666666666664
cheap_talk,57,9,>B,1,0.041666666666666664
cheap_talk,57,10, BCA,1,0.041666666666666664
cheap_talk,58,1,"""B",17,0.7083333333333334
cheap_talk,58,2,*B,14,0.5833333333333334
cheap_talk,58,3,:B,13,0.5416666666666666
cheap_talk,58,4, BB,6,0.25
cheap_talk,58,5,:A,5,0.20833333333333334
cheap_talk,58,6,'B,5,0.20833333333333334
cheap_talk,58,7,"""A",4,0.16666666666666666
cheap_talk,58,8,答案,4,0.16666666666666666
cheap_talk,58,9, BC,4,0.16666666666666666
cheap_talk,58,10,"""C",2,0.08333333333333333
cheap_talk,58,11,:C,2,0.08333333333333333
cheap_talk,58,12, AA,1,0.041666666666666664
cheap_talk,58,13,'A,1,0.041666666666666664
cheap_talk,58,14,'C,1,0.041666666666666664
cheap_talk,59,1,"""B",13,0.5416666666666666
cheap_talk,59,2,答案,6,0.25
cheap_talk,59,3,'B,6,0.25
cheap_talk,59,4,*B,3,0.125
cheap_talk,59,5,'C,3,0.125
cheap_talk,59,6, BC,2,0.08333333333333333
cheap_talk,59,7,回答,1,0.041666666666666664
cheap_talk,60,1,'B,16,0.8
cheap_talk,60,2,.B,11,0.55
cheap_talk,60,3,:B,8,0.4
cheap_talk,60,4,"""C",2,0.1
cheap_talk,60,5,:C,2,0.1
cheap_talk,60,6,"""B",2,0.1
cheap_talk,60,7, BC,1,0.05
cheap_talk,60,8,'A,1,0.05
cheap_talk,61,1,"""B",5,0.23809523809523808
cheap_talk,61,2,'B,5,0.23809523809523808
cheap_talk,61,3,:A,4,0.19047619047619047
cheap_talk,61,4,'C,4,0.19047619047619047
cheap_talk,61,5,"""A",3,0.14285714285714285
cheap_talk,61,6,'A,3,0.14285714285714285
cheap_talk,61,7,_C,2,0.09523809523809523
cheap_talk,61,8,:C,2,0.09523809523809523
cheap_talk,61,9,"""C",2,0.09523809523809523
cheap_talk,62,1,"""B",13,0.5416666666666666
cheap_talk,62,2,_B,10,0.4166666666666667
cheap_talk,62,3,:B,10,0.4166666666666667
cheap_talk,62,4,"""A",6,0.25
cheap_talk,62,5,:A,5,0.20833333333333334
cheap_talk,62,6,“A,5,0.20833333333333334
cheap_talk,62,7,"""C",5,0.20833333333333334
cheap_talk,62,8,_A,4,0.16666666666666666
cheap_talk,62,9,:C,4,0.16666666666666666
cheap_talk,62,10,BC,2,0.08333333333333333
cheap_talk,62,11,_C,2,0.08333333333333333
cheap_talk,62,12,'C,2,0.08333333333333333
cheap_talk,62,13,*C,2,0.08333333333333333
cheap_talk,62,14,.C,1,0.041666666666666664
cheap_talk,62,15,А,1,0.041666666666666664
cheap_talk,62,16,'A,1,0.041666666666666664
disclosure,1,1, Blowjob,24,1.0
disclosure,1,2,维也纳,24,1.0
disclosure,1,3,laves,24,1.0
disclosure,1,4,obuf,24,1.0
disclosure,1,5, دمش,24,1.0
disclosure,1,6,krát,24,1.0
disclosure,1,7,皇岛,24,1.0
disclosure,1,8,用书,24,1.0
disclosure,1,9,ياً,23,0.9583333333333334
disclosure,1,10, 고객님의,22,0.9166666666666666
disclosure,1,11,carat,1,0.041666666666666664
disclosure,1,12,(isolate,1,0.041666666666666664
disclosure,3,1, Blowjob,24,1.0
disclosure,3,2, milfs,24,1.0
disclosure,3,3, cumshot,24,1.0
disclosure,3,4, Shemale,1,0.041666666666666664
disclosure,6,1,的,24,1.0
disclosure,14,1,的,24,1.0
disclosure,15,1,ness,12,1.0
disclosure,42,1, Choice,15,1.0
disclosure,43,1, Choice,14,1.0
disclosure,43,2,选择,6,0.42857142857142855
disclosure,43,3,最佳,1,0.07142857142857142
disclosure,44,1, Choice,10,1.0
disclosure,44,2, choice,2,0.2
disclosure,45,1, Choice,11,1.0
disclosure,45,2, choice,4,0.36363636363636365
disclosure,49,1,None,1,1.0
disclosure,51,1,None,4,1.0
disclosure,52,1,None,4,1.0
disclosure,52,2, NONE,1,0.25
disclosure,52,3,none,1,0.25
disclosure,52,4, None,1,0.25
disclosure,53,1, Neither,6,0.6666666666666666
disclosure,53,2,None,5,0.5555555555555556
disclosure,53,3, NONE,5,0.5555555555555556
disclosure,53,4, None,4,0.4444444444444444
disclosure,53,5,none,4,0.4444444444444444
disclosure,53,6,"""B",3,0.3333333333333333
disclosure,53,7,Neither,3,0.3333333333333333
disclosure,53,8, none,1,0.1111111111111111
disclosure,54,1, NONE,6,0.5454545454545454
disclosure,54,2,None,5,0.45454545454545453
disclosure,54,3, None,4,0.36363636363636365
disclosure,54,4,none,4,0.36363636363636365
disclosure,54,5,乙,3,0.2727272727272727
disclosure,54,6, Neither,3,0.2727272727272727
disclosure,54,7,"""C",1,0.09090909090909091
disclosure,54,8, none,1,0.09090909090909091
disclosure,54,9,展开全文,1,0.09090909090909091
disclosure,55,1,>B,7,0.30434782608695654
disclosure,55,2,答案,6,0.2608695652173913
disclosure,55,3,:B,5,0.21739130434782608
disclosure,55,4,"""B",5,0.21739130434782608
disclosure,55,5,*B,4,0.17391304347826086
disclosure,55,6,none,4,0.17391304347826086
disclosure,55,7,*C,3,0.13043478260869565
disclosure,55,8, Neither,3,0.13043478260869565
disclosure,55,9,'C,3,0.13043478260869565
disclosure,55,10,"""C",2,0.08695652173913043
disclosure,55,11,:C,2,0.08695652173913043
disclosure,55,12, NONE,2,0.08695652173913043
disclosure,55,13,ABC,2,0.08695652173913043
disclosure,55,14, None,1,0.043478260869565216
disclosure,55,15,None,1,0.043478260869565216
disclosure,55,16, none,1,0.043478260869565216
disclosure,55,17,Neither,1,0.043478260869565216
disclosure,56,1,"""C",9,0.375
disclosure,56,2,答案,8,0.3333333333333333
disclosure,56,3,"""B",8,0.3333333333333333
disclosure,56,4,:B,6,0.25
disclosure,56,5, NONE,5,0.20833333333333334
disclosure,56,6, Neither,4,0.16666666666666666
disclosure,56,7,*B,4,0.16666666666666666
disclosure,56,8,>B,4,0.16666666666666666
disclosure,56,9,'C,4,0.16666666666666666
disclosure,56,10,*C,4,0.16666666666666666
disclosure,56,11,none,4,0.16666666666666666
disclosure,56,12, neither,3,0.125
disclosure,56,13,Neither,3,0.125
disclosure,56,14, None,3,0.125
disclosure,56,15,None,2,0.08333333333333333
disclosure,56,16,:C,1,0.041666666666666664
disclosure,56,17, none,1,0.041666666666666664
disclosure,56,18,NONE,1,0.041666666666666664
disclosure,56,19,>C,1,0.041666666666666664
disclosure,56,20,$c,1,0.041666666666666664
disclosure,57,1,"""B",9,0.375
disclosure,57,2,"""C",9,0.375
disclosure,57,3,:B,5,0.20833333333333334
disclosure,57,4,*B,4,0.16666666666666666
disclosure,57,5,'C,4,0.16666666666666666
disclosure,57,6,none,4,0.16666666666666666
disclosure,57,7, NONE,4,0.16666666666666666
disclosure,57,8,"""A",3,0.125
disclosure,57,9,答案,3,0.125
disclosure,57,10,$c,3,0.125
disclosure,57,11, Neither,3,0.125
disclosure,57,12,None,3,0.125
disclosure,57,13,Neither,3,0.125
disclosure,57,14,*C,3,0.125
disclosure,57,15,>B,2,0.08333333333333333
disclosure,57,16,:C,2,0.08333333333333333
disclosure,57,17, None,2,0.08333333333333333
disclosure,57,18, neither,2,0.08333333333333333
disclosure,57,19, BC,1,0.041666666666666664
disclosure,57,20, none,1,0.041666666666666664
disclosure,58,1,"""B",9,0.375
disclosure,58,2,"""C",9,0.375
disclosure,58,3,:B,8,0.3333333333333333
disclosure,58,4,*B,7,0.2916666666666667
disclosure,58,5,"""A",5,0.20833333333333334
disclosure,58,6,:C,5,0.20833333333333334
disclosure,58,7,'C,5,0.20833333333333334
disclosure,58,8,none,4,0.16666666666666666
disclosure,58,9, none,4,0.16666666666666666
disclosure,58,10, NONE,4,0.16666666666666666
disclosure,58,11, None,3,0.125
disclosure,58,12,:A,2,0.08333333333333333
disclosure,58,13, Neither,2,0.08333333333333333
disclosure,58,14,*C,2,0.08333333333333333
disclosure,58,15,=A,1,0.041666666666666664
disclosure,58,16,'B,1,0.041666666666666664
disclosure,58,17, BC,1,0.041666666666666664
disclosure,58,18,None,1,0.041666666666666664
disclosure,58,19,NONE,1,0.041666666666666664
disclosure,58,20,*A,1,0.041666666666666664
disclosure,59,1,答案,9,0.391304347826087
disclosure,59,2,"""B",5,0.21739130434782608
disclosure,59,3,'C,5,0.21739130434782608
disclosure,59,4,"""C",4,0.17391304347826086
disclosure,59,5,*C,4,0.17391304347826086
disclosure,59,6,*B,3,0.13043478260869565
disclosure,59,7, none,3,0.13043478260869565
disclosure,59,8, neither,2,0.08695652173913043
disclosure,59,9,_answer,1,0.043478260869565216
disclosure,59,10,回答,1,0.043478260869565216
disclosure,59,11,none,1,0.043478260869565216
disclosure,60,1,'C,5,0.25
disclosure,60,2,:B,4,0.2
disclosure,60,3,*B,4,0.2
disclosure,60,4,:C,3,0.15
disclosure,60,5,.B,3,0.15
disclosure,60,6,"""B",2,0.1
disclosure,60,7,*C,2,0.1
disclosure,60,8,[A,1,0.05
disclosure,60,9,:A,1,0.05
disclosure,60,10,"""A",1,0.05
disclosure,60,11,'B,1,0.05
disclosure,60,12, none,1,0.05
disclosure,61,1,'A,7,0.30434782608695654
disclosure,61,2,*C,7,0.30434782608695654
disclosure,61,3,"""B",5,0.21739130434782608
disclosure,61,4,_C,5,0.21739130434782608
disclosure,61,5,"""A",4,0.17391304347826086
disclosure,61,6,:B,4,0.17391304347826086
disclosure,61,7,:C,3,0.13043478260869565
disclosure,61,8,.C,3,0.13043478260869565
disclosure,61,9,"""C",3,0.13043478260869565
disclosure,61,10,*B,3,0.13043478260869565
disclosure,61,11,'C,3,0.13043478260869565
disclosure,61,12,:A,2,0.08695652173913043
disclosure,61,13,.A,2,0.08695652173913043
disclosure,61,14,-C,2,0.08695652173913043
disclosure,61,15,*A,2,0.08695652173913043
disclosure,62,1,"""A",9,0.4090909090909091
disclosure,62,2,"""B",8,0.36363636363636365
disclosure,62,3,:A,6,0.2727272727272727
disclosure,62,4,_B,6,0.2727272727272727
disclosure,62,5,_A,5,0.22727272727272727
disclosure,62,6,"""C",5,0.22727272727272727
disclosure,62,7,:B,4,0.18181818181818182
disclosure,62,8,А,4,0.18181818181818182
disclosure,62,9,“A,4,0.18181818181818182
disclosure,62,10,:C,3,0.13636363636363635
disclosure,62,11,_C,3,0.13636363636363635
disclosure,62,12,-A,1,0.045454545454545456
disclosure,62,13,None,1,0.045454545454545456
inspection,1,1, Blowjob,24,1.0
inspection,1,2,维也纳,24,1.0
inspection,1,3,obuf,24,1.0
inspection,1,4, دمش,24,1.0
inspection,1,5,laves,24,1.0
inspection,1,6,krát,24,1.0
inspection,1,7,用书,24,1.0
inspection,1,8,皇岛,24,1.0
inspection,1,9,ياً,12,0.5
inspection,1,10, 고객님의,12,0.5
inspection,1,11,ankan,11,0.4583333333333333
inspection,3,1, Blowjob,24,1.0
inspection,3,2, milfs,24,1.0
inspection,3,3, cumshot,24,1.0
inspection,3,4, Shemale,12,0.5
inspection,6,1,的,12,1.0
inspection,15,1,ness,24,1.0
inspection,15,2,يًا,12,0.5
inspection,42,1, Choice,12,1.0
inspection,42,2,选择,9,0.75
inspection,43,1, Choice,12,1.0
inspection,43,2,选择,8,0.6666666666666666
inspection,43,3, Compare,1,0.08333333333333333
inspection,44,1, Choice,2,1.0
inspection,45,1, Choice,11,1.0
inspection,51,1,答案,6,1.0
inspection,52,1,答案,11,1.0
inspection,53,1,答案,4,0.5714285714285714
inspection,53,2,计算,3,0.42857142857142855
inspection,54,1, NONE,1,1.0
inspection,55,1,>B,17,0.7083333333333334
inspection,55,2,*B,12,0.5
inspection,55,3,"""B",10,0.4166666666666667
inspection,55,4,:B,7,0.2916666666666667
inspection,55,5,答案,7,0.2916666666666667
inspection,55,6,=B,4,0.16666666666666666
inspection,55,7,.getB,1,0.041666666666666664
inspection,56,1,"""B",15,0.625
inspection,56,2,>B,10,0.4166666666666667
inspection,56,3,答案,7,0.2916666666666667
inspection,56,4,*B,7,0.2916666666666667
inspection,56,5,:B,5,0.20833333333333334
inspection,57,1,"""B",17,0.7083333333333334
inspection,57,2,答案,8,0.3333333333333333
inspection,57,3,:B,5,0.20833333333333334
inspection,57,4,*B,5,0.20833333333333334
inspection,57,5,>B,4,0.16666666666666666
inspection,57,6,'B,1,0.041666666666666664
inspection,58,1,"""B",17,0.7083333333333334
inspection,58,2,答案,7,0.2916666666666667
inspection,58,3,:A,7,0.2916666666666667
inspection,58,4,*B,6,0.25
inspection,58,5,'B,6,0.25
inspection,58,6,:B,5,0.20833333333333334
inspection,58,7,>B,3,0.125
inspection,59,1,答案,13,0.5416666666666666
inspection,59,2,'B,11,0.4583333333333333
inspection,59,3,_answer,5,0.20833333333333334
inspection,59,4,"""B",5,0.20833333333333334
inspection,59,5,*B,3,0.125
inspection,59,6,=B,2,0.08333333333333333
inspection,60,1,'B,12,0.631578947368421
inspection,60,2,_answer,7,0.3684210526315789
inspection,60,3,=B,6,0.3157894736842105
inspection,60,4,:B,5,0.2631578947368421
inspection,60,5,*B,3,0.15789473684210525
inspection,60,6,.B,2,0.10526315789473684
inspection,61,1,'A,12,0.5
inspection,61,2,:A,7,0.2916666666666667
inspection,61,3,:B,5,0.20833333333333334
inspection,61,4,'B,2,0.08333333333333333
inspection,62,1,А,14,0.5833333333333334
inspection,62,2,:A,7,0.2916666666666667
inspection,62,3,"""A",6,0.25
inspection,62,4,"""B",6,0.25
inspection,62,5,:B,5,0.20833333333333334
inspection,62,6,_B,5,0.20833333333333334
inspection,62,7,'A,1,0.041666666666666664
kuhn,1,1, Blowjob,24,1.0
kuhn,1,2,维也纳,24,1.0
kuhn,1,3,obuf,24,1.0
kuhn,1,4, دمش,24,1.0
kuhn,1,5,laves,24,1.0
kuhn,1,6,krát,24,1.0
kuhn,1,7,皇岛,24,1.0
kuhn,1,8,用书,24,1.0
kuhn,1,9,ياً,24,1.0
kuhn,1,10, 고객님의,12,0.5
kuhn,3,1, Blowjob,24,1.0
kuhn,3,2, milfs,24,1.0
kuhn,3,3, cumshot,24,1.0
kuhn,6,1,的,24,1.0
kuhn,14,1,的,12,1.0
kuhn,15,1,ness,10,0.8333333333333334
kuhn,15,2,est,6,0.5
kuhn,43,1,计算,2,1.0
kuhn,45,1, Calcul,17,0.85
kuhn,45,2, Calculation,6,0.3
kuhn,45,3, Analysis,3,0.15
kuhn,45,4, Choice,2,0.1
kuhn,45,5, calculated,2,0.1
kuhn,46,1,计算,1,1.0
kuhn,49,1,计算,4,1.0
kuhn,50,1,计算,3,1.0
kuhn,51,1,分析,24,1.0
kuhn,51,2,计算,18,0.75
kuhn,52,1,分析,24,1.0
kuhn,52,2,计算,24,1.0
kuhn,53,1,计算,24,1.0
kuhn,53,2,分析,24,1.0
kuhn,54,1,计算,24,1.0
kuhn,54,2,分析,15,0.625
kuhn,55,1,*B,24,1.0
kuhn,55,2,>B,19,0.7916666666666666
kuhn,55,3,分析,10,0.4166666666666667
kuhn,55,4,计算,9,0.375
kuhn,55,5,BBBB,8,0.3333333333333333
kuhn,55,6,"""B",8,0.3333333333333333
kuhn,55,7,.getB,6,0.25
kuhn,55,8,=B,6,0.25
kuhn,55,9,:B,5,0.20833333333333334
kuhn,56,1,"""B",24,1.0
kuhn,56,2,*B,23,0.9583333333333334
kuhn,56,3,计算,18,0.75
kuhn,56,4,分析,12,0.5
kuhn,56,5,.getB,11,0.4583333333333333
kuhn,56,6,>B,10,0.4166666666666667
kuhn,56,7,BBBB,6,0.25
kuhn,57,1,"""B",24,1.0
kuhn,57,2,*B,23,0.9583333333333334
kuhn,57,3,:B,20,0.8333333333333334
kuhn,57,4,计算,15,0.625
kuhn,57,5,>B,8,0.3333333333333333
kuhn,57,6,.getB,4,0.16666666666666666
kuhn,57,7,=B,3,0.125
kuhn,57,8,分析,1,0.041666666666666664
kuhn,58,1,*B,24,1.0
kuhn,58,2,"""B",24,1.0
kuhn,58,3,:B,24,1.0
kuhn,58,4,=B,10,0.4166666666666667
kuhn,58,5,'B,5,0.20833333333333334
kuhn,58,6,.B,3,0.125
kuhn,58,7,.getB,1,0.041666666666666664
kuhn,59,1,"""B",24,1.0
kuhn,59,2,:B,16,0.6666666666666666
kuhn,59,3,*B,12,0.5
kuhn,59,4,=B,12,0.5
kuhn,59,5,'B,8,0.3333333333333333
kuhn,59,6,.B,5,0.20833333333333334
kuhn,60,1,"""B",24,1.0
kuhn,60,2,'B,23,0.9583333333333334
kuhn,60,3,:B,21,0.875
kuhn,60,4,.B,12,0.5
kuhn,60,5,*B,11,0.4583333333333333
kuhn,60,6,:A,1,0.041666666666666664
kuhn,61,1,:A,18,0.75
kuhn,61,2,'A,15,0.625
kuhn,61,3,"""B",12,0.5
kuhn,61,4,.A,3,0.125
kuhn,61,5,.B,2,0.08333333333333333
kuhn,61,6,*B,1,0.041666666666666664
kuhn,61,7,:B,1,0.041666666666666664
kuhn,62,1,:A,20,0.8333333333333334
kuhn,62,2,_A,10,0.4166666666666667
kuhn,62,3,:B,8,0.3333333333333333
kuhn,62,4,"""A",7,0.2916666666666667
kuhn,62,5,_B,4,0.16666666666666666
kuhn,62,6,"""B",1,0.041666666666666664
signaling,1,1, Blowjob,24,1.0
signaling,1,2,维也纳,24,1.0
signaling,1,3,obuf,24,1.0
signaling,1,4, دمش,24,1.0
signaling,1,5,laves,24,1.0
signaling,1,6,krát,24,1.0
signaling,1,7,皇岛,24,1.0
signaling,1,8,用书,24,1.0
signaling,1,9,ياً,23,0.9583333333333334
signaling,1,10, 고객님의,23,0.9583333333333334
signaling,1,11,carat,1,0.041666666666666664
signaling,1,12, Bbw,1,0.041666666666666664
signaling,3,1, Blowjob,24,1.0
signaling,3,2, milfs,24,1.0
signaling,3,3, cumshot,24,1.0
signaling,6,1,的,24,1.0
signaling,14,1,的,13,1.0
signaling,15,1,ness,24,1.0
signaling,15,2,est,23,0.9583333333333334
signaling,15,3,ся,4,0.16666666666666666
signaling,41,1, Choice,2,1.0
signaling,42,1, Choice,24,1.0
signaling,43,1, Choice,16,0.8888888888888888
signaling,43,2,选择,10,0.5555555555555556
signaling,43,3, optimal,7,0.3888888888888889
signaling,43,4, Optimization,3,0.16666666666666666
signaling,43,5,Choice,1,0.05555555555555555
signaling,44,1, Choice,11,1.0
signaling,45,1, Choice,24,1.0
signaling,45,2, choice,11,0.4583333333333333
signaling,46,1, Choice,1,1.0
signaling,54,1,乙,3,1.0
signaling,55,1,"""B",16,0.7272727272727273
signaling,55,2,ABC,13,0.5909090909090909
signaling,55,3,>B,2,0.09090909090909091
signaling,55,4,*B,1,0.045454545454545456
signaling,56,1,"""B",17,0.8095238095238095
signaling,56,2, Ciao,7,0.3333333333333333
signaling,56,3,ABC,6,0.2857142857142857
signaling,56,4,*B,4,0.19047619047619047
signaling,56,5,.getB,3,0.14285714285714285
signaling,56,6,>B,2,0.09523809523809523
signaling,56,7,$c,2,0.09523809523809523
signaling,56,8,'C,2,0.09523809523809523
signaling,56,9,"""C",1,0.047619047619047616
signaling,56,10, BCA,1,0.047619047619047616
signaling,56,11,*C,1,0.047619047619047616
signaling,57,1,"""B",17,0.7083333333333334
signaling,57,2,"""C",7,0.2916666666666667
signaling,57,3,$c,6,0.25
signaling,57,4,*B,3,0.125
signaling,57,5,>B,1,0.041666666666666664
signaling,57,6, BC,1,0.041666666666666664
signaling,57,7,楚,1,0.041666666666666664
signaling,57,8,'C,1,0.041666666666666664
signaling,58,1,"""B",19,0.7916666666666666
signaling,58,2,*B,9,0.375
signaling,58,3,"""C",7,0.2916666666666667
signaling,58,4,'C,6,0.25
signaling,58,5,'B,3,0.125
signaling,58,6,:B,2,0.08333333333333333
signaling,58,7, BC,2,0.08333333333333333
signaling,58,8,*C,2,0.08333333333333333
signaling,58,9,[B,1,0.041666666666666664
signaling,59,1,"""B",17,0.7083333333333334
signaling,59,2,'C,9,0.375
signaling,59,3,"""C",3,0.125
signaling,59,4,*C,3,0.125
signaling,59,5,*B,1,0.041666666666666664
signaling,60,1,"""B",16,0.7619047619047619
signaling,60,2,'B,7,0.3333333333333333
signaling,60,3,'C,6,0.2857142857142857
signaling,60,4,*B,1,0.047619047619047616
signaling,61,1,'C,14,0.5833333333333334
signaling,61,2,*C,10,0.4166666666666667
signaling,61,3,'A,8,0.3333333333333333
signaling,61,4,_C,4,0.16666666666666666
signaling,61,5,"""A",3,0.125
signaling,61,6,"""B",3,0.125
signaling,62,1,"""C",9,0.45
signaling,62,2,"""B",8,0.4
signaling,62,3,А,3,0.15
signaling,62,4,"""A",2,0.1
signaling,62,5,'C,1,0.05
