game,split,layer,prompt_echo_rate,unique_tokens
chameleon,locked_replication,0,0.08,50
chameleon,locked_replication,1,0.02,51
chameleon,locked_replication,2,0.0,53
chameleon,locked_replication,3,0.0,51
chameleon,locked_replication,4,0.0,51
chameleon,locked_replication,5,0.0,52
chameleon,locked_replication,6,0.0,51
chameleon,locked_replication,7,0.0,54
chameleon,locked_replication,8,0.0,51
chameleon,locked_replication,9,0.0,52
chameleon,locked_replication,10,0.0,54
chameleon,locked_replication,11,0.0,52
chameleon,locked_replication,12,0.0,52
chameleon,locked_replication,13,0.0,54
chameleon,locked_replication,14,0.02,54
chameleon,locked_replication,15,0.14,56
chameleon,locked_replication,16,0.09,56
chameleon,locked_replication,17,0.0,54
chameleon,locked_replication,18,0.0,52
chameleon,locked_replication,19,0.0,55
chameleon,locked_replication,20,0.0,52
chameleon,locked_replication,21,0.025,55
chameleon,locked_replication,22,0.0,56
chameleon,locked_replication,23,0.0,53
chameleon,locked_replication,24,0.0,54
chameleon,locked_replication,25,0.0,54
chameleon,locked_replication,26,0.0,53
chameleon,locked_replication,27,0.0,52
chameleon,locked_replication,28,0.0,55
chameleon,locked_replication,29,0.0,55
chameleon,locked_replication,30,0.0,55
chameleon,locked_replication,31,0.0,59
chameleon,locked_replication,32,0.005,58
chameleon,locked_replication,33,0.01,55
chameleon,locked_replication,34,0.0,54
chameleon,locked_replication,35,0.0,54
chameleon,locked_replication,36,0.0,55
chameleon,locked_replication,37,0.0,56
chameleon,locked_replication,38,0.0,53
chameleon,locked_replication,39,0.0,52
chameleon,locked_replication,40,0.09,54
chameleon,locked_replication,41,0.08,56
chameleon,locked_replication,42,0.135,63
chameleon,locked_replication,43,0.135,64
chameleon,locked_replication,44,0.15,65
chameleon,locked_replication,45,0.21,76
chameleon,locked_replication,46,0.155,68
chameleon,locked_replication,47,0.095,75
chameleon,locked_replication,48,0.04,66
chameleon,locked_replication,49,0.06,74
chameleon,locked_replication,50,0.005,71
chameleon,locked_replication,51,0.115,80
chameleon,locked_replication,52,0.115,74
chameleon,locked_replication,53,0.135,78
chameleon,locked_replication,54,0.085,81
chameleon,locked_replication,55,0.16,86
chameleon,locked_replication,56,0.165,82
chameleon,locked_replication,57,0.17,79
chameleon,locked_replication,58,0.175,71
chameleon,locked_replication,59,0.19,70
chameleon,locked_replication,60,0.22,81
chameleon,locked_replication,61,0.2,70
chameleon,locked_replication,62,0.5,75
cheap_talk,locked_replication,0,0.06,51
cheap_talk,locked_replication,1,0.0,52
cheap_talk,locked_replication,2,0.0,51
cheap_talk,locked_replication,3,0.0,50
cheap_talk,locked_replication,4,0.0,50
cheap_talk,locked_replication,5,0.0,50
cheap_talk,locked_replication,6,0.0,50
cheap_talk,locked_replication,7,0.0,51
cheap_talk,locked_replication,8,0.0,51
cheap_talk,locked_replication,9,0.0,52
cheap_talk,locked_replication,10,0.0,52
cheap_talk,locked_replication,11,0.0,52
cheap_talk,locked_replication,12,0.0,52
cheap_talk,locked_replication,13,0.0,52
cheap_talk,locked_replication,14,0.0,52
cheap_talk,locked_replication,15,0.043333333333333335,58
cheap_talk,locked_replication,16,0.04,51
cheap_talk,locked_replication,17,0.0,53
cheap_talk,locked_replication,18,0.0,54
cheap_talk,locked_replication,19,0.0,53
cheap_talk,locked_replication,20,0.0033333333333333335,51
cheap_talk,locked_replication,21,0.0,53
cheap_talk,locked_replication,22,0.0,53
cheap_talk,locked_replication,23,0.0,51
cheap_talk,locked_replication,24,0.0,50
cheap_talk,locked_replication,25,0.0,51
cheap_talk,locked_replication,26,0.0,50
cheap_talk,locked_replication,27,0.0,51
cheap_talk,locked_replication,28,0.0,54
cheap_talk,locked_replication,29,0.0,53
cheap_talk,locked_replication,30,0.0,55
cheap_talk,locked_replication,31,0.0,53
cheap_talk,locked_replication,32,0.0,55
cheap_talk,locked_replication,33,0.0,55
cheap_talk,locked_replication,34,0.0,56
cheap_talk,locked_replication,35,0.0,60
cheap_talk,locked_replication,36,0.0,57
cheap_talk,locked_replication,37,0.0,56
cheap_talk,locked_replication,38,0.0,61
cheap_talk,locked_replication,39,0.0,57
cheap_talk,locked_replication,40,0.09666666666666666,65
cheap_talk,locked_replication,41,0.006666666666666667,65
cheap_talk,locked_replication,42,0.02,72
cheap_talk,locked_replication,43,0.025,88
cheap_talk,locked_replication,44,0.006666666666666667,97
cheap_talk,locked_replication,45,0.011666666666666667,91
cheap_talk,locked_replication,46,0.006666666666666667,87
cheap_talk,locked_replication,47,0.0,89
cheap_talk,locked_replication,48,0.0016666666666666668,73
cheap_talk,locked_replication,49,0.011666666666666667,81
cheap_talk,locked_replication,50,0.008333333333333333,82
cheap_talk,locked_replication,51,0.051666666666666666,83
cheap_talk,locked_replication,52,0.04833333333333333,86
cheap_talk,locked_replication,53,0.056666666666666664,86
cheap_talk,locked_replication,54,0.03166666666666667,97
cheap_talk,locked_replication,55,0.10166666666666667,99
cheap_talk,locked_replication,56,0.09166666666666666,108
cheap_talk,locked_replication,57,0.11,110
cheap_talk,locked_replication,58,0.13333333333333333,117
cheap_talk,locked_replication,59,0.19333333333333333,116
cheap_talk,locked_replication,60,0.195,107
cheap_talk,locked_replication,61,0.20833333333333334,111
cheap_talk,locked_replication,62,0.4166666666666667,102
disclosure,locked_replication,0,0.08,50
disclosure,locked_replication,1,0.0,51
disclosure,locked_replication,2,0.0,52
disclosure,locked_replication,3,0.0,50
disclosure,locked_replication,4,0.0,51
disclosure,locked_replication,5,0.0,51
disclosure,locked_replication,6,0.0,51
disclosure,locked_replication,7,0.0,50
disclosure,locked_replication,8,0.0,51
disclosure,locked_replication,9,0.0,52
disclosure,locked_replication,10,0.0,51
disclosure,locked_replication,11,0.0,52
disclosure,locked_replication,12,0.0,50
disclosure,locked_replication,13,0.0,52
disclosure,locked_replication,14,0.0,52
disclosure,locked_replication,15,0.06,56
disclosure,locked_replication,16,0.02,52
disclosure,locked_replication,17,0.0,51
disclosure,locked_replication,18,0.0,53
disclosure,locked_replication,19,0.0,53
disclosure,locked_replication,20,0.015,51
disclosure,locked_replication,21,0.0,53
disclosure,locked_replication,22,0.0,53
disclosure,locked_replication,23,0.0,54
disclosure,locked_replication,24,0.0,53
disclosure,locked_replication,25,0.0,52
disclosure,locked_replication,26,0.0,50
disclosure,locked_replication,27,0.0,52
disclosure,locked_replication,28,0.0,52
disclosure,locked_replication,29,0.006666666666666667,54
disclosure,locked_replication,30,0.0,52
disclosure,locked_replication,31,0.0,54
disclosure,locked_replication,32,0.018333333333333333,53
disclosure,locked_replication,33,0.01,54
disclosure,locked_replication,34,0.0,54
disclosure,locked_replication,35,0.0,54
disclosure,locked_replication,36,0.0,52
disclosure,locked_replication,37,0.008333333333333333,54
disclosure,locked_replication,38,0.006666666666666667,56
disclosure,locked_replication,39,0.0,54
disclosure,locked_replication,40,0.06,57
disclosure,locked_replication,41,0.028333333333333332,65
disclosure,locked_replication,42,0.045,65
disclosure,locked_replication,43,0.08,79
disclosure,locked_replication,44,0.035,83
disclosure,locked_replication,45,0.043333333333333335,80
disclosure,locked_replication,46,0.0033333333333333335,74
disclosure,locked_replication,47,0.0,77
disclosure,locked_replication,48,0.0,70
disclosure,locked_replication,49,0.0016666666666666668,68
disclosure,locked_replication,50,0.0,71
disclosure,locked_replication,51,0.06166666666666667,75
disclosure,locked_replication,52,0.04833333333333333,78
disclosure,locked_replication,53,0.056666666666666664,88
disclosure,locked_replication,54,0.0016666666666666668,99
disclosure,locked_replication,55,0.11833333333333333,131
disclosure,locked_replication,56,0.115,134
disclosure,locked_replication,57,0.13166666666666665,141
disclosure,locked_replication,58,0.15166666666666667,142
disclosure,locked_replication,59,0.195,112
disclosure,locked_replication,60,0.20666666666666667,117
disclosure,locked_replication,61,0.22666666666666666,124
disclosure,locked_replication,62,0.5066666666666667,109
inspection,locked_replication,0,0.06,51
inspection,locked_replication,1,0.0,54
inspection,locked_replication,2,0.0,52
inspection,locked_replication,3,0.0,50
inspection,locked_replication,4,0.0,52
inspection,locked_replication,5,0.0,51
inspection,locked_replication,6,0.0,50
inspection,locked_replication,7,0.0,51
inspection,locked_replication,8,0.0,51
inspection,locked_replication,9,0.0,50
inspection,locked_replication,10,0.0,50
inspection,locked_replication,11,0.0,52
inspection,locked_replication,12,0.0,52
inspection,locked_replication,13,0.0,50
inspection,locked_replication,14,0.0,52
inspection,locked_replication,15,0.04,52
inspection,locked_replication,16,0.02,51
inspection,locked_replication,17,0.0,52
inspection,locked_replication,18,0.0,54
inspection,locked_replication,19,0.0,50
inspection,locked_replication,20,0.041666666666666664,52
inspection,locked_replication,21,0.0,54
inspection,locked_replication,22,0.0,52
inspection,locked_replication,23,0.0,52
inspection,locked_replication,24,0.0,50
inspection,locked_replication,25,0.0,50
inspection,locked_replication,26,0.0,53
inspection,locked_replication,27,0.0,50
inspection,locked_replication,28,0.0,51
inspection,locked_replication,29,0.0,53
inspection,locked_replication,30,0.0,54
inspection,locked_replication,31,0.0,54
inspection,locked_replication,32,0.013333333333333334,56
inspection,locked_replication,33,0.0033333333333333335,53
inspection,locked_replication,34,0.0,51
inspection,locked_replication,35,0.008333333333333333,54
inspection,locked_replication,36,0.0,50
inspection,locked_replication,37,0.013333333333333334,52
inspection,locked_replication,38,0.016666666666666666,53
inspection,locked_replication,39,0.0,53
inspection,locked_replication,40,0.051666666666666666,55
inspection,locked_replication,41,0.06,55
inspection,locked_replication,42,0.095,57
inspection,locked_replication,43,0.10333333333333333,66
inspection,locked_replication,44,0.03833333333333333,66
inspection,locked_replication,45,0.035,68
inspection,locked_replication,46,0.02,58
inspection,locked_replication,47,0.0,59
inspection,locked_replication,48,0.013333333333333334,58
inspection,locked_replication,49,0.018333333333333333,56
inspection,locked_replication,50,0.016666666666666666,62
inspection,locked_replication,51,0.08,66
inspection,locked_replication,52,0.08,70
inspection,locked_replication,53,0.08,78
inspection,locked_replication,54,0.005,82
inspection,locked_replication,55,0.105,98
inspection,locked_replication,56,0.12166666666666667,98
inspection,locked_replication,57,0.15166666666666667,105
inspection,locked_replication,58,0.165,99
inspection,locked_replication,59,0.17166666666666666,79
inspection,locked_replication,60,0.195,88
inspection,locked_replication,61,0.22833333333333333,92
inspection,locked_replication,62,0.52,79
kuhn,locked_replication,0,0.1,52
kuhn,locked_replication,1,0.0,53
kuhn,locked_replication,2,0.0,53
kuhn,locked_replication,3,0.0,50
kuhn,locked_replication,4,0.0,52
kuhn,locked_replication,5,0.0,51
kuhn,locked_replication,6,0.0,52
kuhn,locked_replication,7,0.0,51
kuhn,locked_replication,8,0.0,50
kuhn,locked_replication,9,0.0,51
kuhn,locked_replication,10,0.0,52
kuhn,locked_replication,11,0.0,52
kuhn,locked_replication,12,0.0,54
kuhn,locked_replication,13,0.0,52
kuhn,locked_replication,14,0.0,50
kuhn,locked_replication,15,0.06,55
kuhn,locked_replication,16,0.02,52
kuhn,locked_replication,17,0.0,52
kuhn,locked_replication,18,0.0,52
kuhn,locked_replication,19,0.0,51
kuhn,locked_replication,20,0.0016666666666666668,52
kuhn,locked_replication,21,0.0,53
kuhn,locked_replication,22,0.0,52
kuhn,locked_replication,23,0.0,51
kuhn,locked_replication,24,0.0,52
kuhn,locked_replication,25,0.0,52
kuhn,locked_replication,26,0.0,52
kuhn,locked_replication,27,0.0,52
kuhn,locked_replication,28,0.0,52
kuhn,locked_replication,29,0.0,51
kuhn,locked_replication,30,0.0,52
kuhn,locked_replication,31,0.0,52
kuhn,locked_replication,32,0.0,54
kuhn,locked_replication,33,0.0,53
kuhn,locked_replication,34,0.0,51
kuhn,locked_replication,35,0.0,53
kuhn,locked_replication,36,0.0,53
kuhn,locked_replication,37,0.01,54
kuhn,locked_replication,38,0.01,54
kuhn,locked_replication,39,0.0,53
kuhn,locked_replication,40,0.043333333333333335,53
kuhn,locked_replication,41,0.02,56
kuhn,locked_replication,42,0.02,58
kuhn,locked_replication,43,0.06166666666666667,62
kuhn,locked_replication,44,0.015,68
kuhn,locked_replication,45,0.055,68
kuhn,locked_replication,46,0.016666666666666666,66
kuhn,locked_replication,47,0.0,63
kuhn,locked_replication,48,0.0,56
kuhn,locked_replication,49,0.0,65
kuhn,locked_replication,50,0.0,63
kuhn,locked_replication,51,0.023333333333333334,66
kuhn,locked_replication,52,0.0033333333333333335,70
kuhn,locked_replication,53,0.006666666666666667,82
kuhn,locked_replication,54,0.006666666666666667,83
kuhn,locked_replication,55,0.07166666666666667,78
kuhn,locked_replication,56,0.07666666666666666,84
kuhn,locked_replication,57,0.12333333333333334,79
kuhn,locked_replication,58,0.15833333333333333,76
kuhn,locked_replication,59,0.17166666666666666,66
kuhn,locked_replication,60,0.20166666666666666,62
kuhn,locked_replication,61,0.18333333333333332,67
kuhn,locked_replication,62,0.5216666666666666,64
signaling,locked_replication,0,0.08,51
signaling,locked_replication,1,0.0,51
signaling,locked_replication,2,0.0,50
signaling,locked_replication,3,0.0,51
signaling,locked_replication,4,0.0,51
signaling,locked_replication,5,0.0,52
signaling,locked_replication,6,0.0,51
signaling,locked_replication,7,0.0,52
signaling,locked_replication,8,0.0,51
signaling,locked_replication,9,0.0,52
signaling,locked_replication,10,0.0,50
signaling,locked_replication,11,0.0,50
signaling,locked_replication,12,0.0,51
signaling,locked_replication,13,0.0,51
signaling,locked_replication,14,0.015,55
signaling,locked_replication,15,0.04,62
signaling,locked_replication,16,0.02,50
signaling,locked_replication,17,0.0,54
signaling,locked_replication,18,0.0,52
signaling,locked_replication,19,0.0,51
signaling,locked_replication,20,0.02666666666666667,52
signaling,locked_replication,21,0.0,53
signaling,locked_replication,22,0.0,53
signaling,locked_replication,23,0.0,51
signaling,locked_replication,24,0.0,52
signaling,locked_replication,25,0.0,52
signaling,locked_replication,26,0.0,53
signaling,locked_replication,27,0.0,53
signaling,locked_replication,28,0.0,55
signaling,locked_replication,29,0.0,53
signaling,locked_replication,30,0.0,54
signaling,locked_replication,31,0.0,54
signaling,locked_replication,32,0.0,53
signaling,locked_replication,33,0.0,52
signaling,locked_replication,34,0.0,54
signaling,locked_replication,35,0.0,58
signaling,locked_replication,36,0.0,53
signaling,locked_replication,37,0.0,53
signaling,locked_replication,38,0.0,52
signaling,locked_replication,39,0.0,51
signaling,locked_replication,40,0.065,56
signaling,locked_replication,41,0.021666666666666667,57
signaling,locked_replication,42,0.0033333333333333335,59
signaling,locked_replication,43,0.06666666666666667,60
signaling,locked_replication,44,0.02,60
signaling,locked_replication,45,0.03166666666666667,61
signaling,locked_replication,46,0.021666666666666667,57
signaling,locked_replication,47,0.0,59
signaling,locked_replication,48,0.0,55
signaling,locked_replication,49,0.0,57
signaling,locked_replication,50,0.0,67
signaling,locked_replication,51,0.02666666666666667,65
signaling,locked_replication,52,0.018333333333333333,68
signaling,locked_replication,53,0.02,71
signaling,locked_replication,54,0.028333333333333332,81
signaling,locked_replication,55,0.07166666666666667,91
signaling,locked_replication,56,0.12,91
signaling,locked_replication,57,0.12833333333333333,82
signaling,locked_replication,58,0.16,74
signaling,locked_replication,59,0.17833333333333334,68
signaling,locked_replication,60,0.195,70
signaling,locked_replication,61,0.19166666666666668,69
signaling,locked_replication,62,0.48,71
