artifact,configuration_id,position_mask,operation,control,alpha,n_eligible,n_scenarios,mean_target_logodds_gain,gain_ci_low,gain_ci_high,positive_gain_fraction,target_top1_fraction,mean_output_kl_nats,mean_delta_rms_ratio,median_condition_number,high_cosine_fraction,maximum_absolute_cosine,minimum_function_effect,positive_function_count,layers
controls,control_direct_answer_direction,argument_through_end,pseudoinverse_coordinate_swap,direct_answer_direction,0.5,33,11,1.0142045562917537,0.6846354165763565,1.3153409058397467,0.9090909090909091,0.0,0.007308360172883215,0.038949425501579094,2.000462532043457,0.0,0.787182927131652,0.7552083333333334,3,[34]
controls,control_identity_source_source,argument_through_end,pseudoinverse_coordinate_swap,identity_source_source,0.5,33,11,-0.010416684728680218,-0.02840911258350716,0.005681789282596473,0.15151515151515152,0.0,0.000217646918661584,0.0,1.0,1.0,1.0,-0.04861112435658767,2,[34]
controls,control_norm_matched_random_basis,argument_through_end,pseudoinverse_coordinate_swap,norm_matched_random_basis,0.5,33,11,-0.011363636363636364,-0.023674242424242428,0.003787878787878789,0.12121212121212122,0.0,0.00017382855995385824,0.006477320778437122,1.000000119209289,0.0,1.862645149230957e-09,-0.020833333333333332,0,[34]
controls,control_out_of_window_layer,argument_through_end,pseudoinverse_coordinate_swap,out_of_window_layer,0.5,33,11,0.29356060244820337,0.2140151515151515,0.3929924170176188,1.0,0.0,0.0012311001280035988,0.041495693452430094,2.856664896011352,0.0,0.792155504226684,0.19791666666666666,3,[20]
controls,control_unrelated_same_category,argument_through_end,pseudoinverse_coordinate_swap,unrelated_same_category,0.5,33,11,0.1941287951035933,-0.0019413095532041615,0.3883523153536242,0.5757575757575758,0.0,0.08514034604674835,0.05620864688446967,2.200590848922729,0.0,0.6704385280609131,0.12499997350904676,3,[34]
coordinate_trajectories,operation_donor_coordinate_patch,argument_through_end,donor_coordinate_patch,semantic,0.5,33,11,1.7566287806539824,1.515151514609655,2.032196955247359,1.0,0.030303030303030304,0.032777372857018996,0.05887283520265009,2.07620620727539,0.0,0.6704385280609131,1.6875,3,[34]
coordinate_trajectories,operation_pseudoinverse_coordinate_swap,argument_through_end,pseudoinverse_coordinate_swap,semantic,0.5,33,11,1.9147727236603245,1.4677320073048274,2.4696969590403812,1.0,0.030303030303030304,0.04807128179747792,0.05728721268700792,2.07620620727539,0.0,0.6704385280609131,1.8125,3,[34]
coordinate_trajectories,operation_source_suppression_target_installation,argument_through_end,source_suppression_target_installation,semantic,0.5,33,11,0.3191287662043716,0.25094693357294257,0.3844696969696969,0.9696969696969697,0.0,0.0008493077122799412,0.021062619165714454,2.07620620727539,0.0,0.6704385280609131,0.2630208333333333,3,[34]
cumulative_layers,layers_36_37_38_39,argument_through_end,pseudoinverse_coordinate_swap,semantic,0.5,33,11,3.522727272727273,2.8578598484848485,4.27092803030303,1.0,0.030303030303030304,0.15329390614660351,0.025891037217771275,1.856811881065368,0.0,0.625970244407653,3.1527777777777777,3,"[36, 37, 38, 39]"
cumulative_layers,layers_36_37_38_39_40,argument_through_end,pseudoinverse_coordinate_swap,semantic,0.5,33,11,3.946969696969697,3.274479166666667,4.703953598484847,1.0,0.030303030303030304,0.18349708699988102,0.02210633483023864,1.7953482866287231,0.0,0.625970244407653,3.5277777777777777,3,"[36, 37, 38, 39, 40]"
cumulative_layers,layers_36_37_38_39_40_41,argument_through_end,pseudoinverse_coordinate_swap,semantic,0.5,33,11,4.265151511539113,3.5406960227272726,5.144886363636363,1.0,0.030303030303030304,0.21660058252569797,0.019559853931305275,1.7953482866287231,0.0,0.625970244407653,3.7847222089767456,3,"[36, 37, 38, 39, 40, 41]"
cumulative_layers,layers_36_37_38_39_40_41_42,argument_through_end,pseudoinverse_coordinate_swap,semantic,0.5,33,11,4.343749996387597,3.6155066252657857,5.209327647902748,1.0,0.030303030303030304,0.2266728339688565,0.01704640730457476,1.7489029169082642,0.0,0.625970244407653,3.8749999867545233,3,"[36, 37, 38, 39, 40, 41, 42]"
cumulative_layers,layers_36_37_38_39_40_41_42_43,argument_through_end,pseudoinverse_coordinate_swap,semantic,0.5,33,11,4.332386356411559,3.5974668278838657,5.174384469696968,1.0,0.030303030303030304,0.21908323634698046,0.015153311239841545,1.7489029169082642,0.0,0.625970244407653,3.8749999735090466,3,"[36, 37, 38, 39, 40, 41, 42, 43]"
cumulative_layers,layers_36_38_40_42,argument_through_end,pseudoinverse_coordinate_swap,semantic,0.5,33,11,4.303030303030303,3.575733901515151,5.165743371212121,1.0,0.030303030303030304,0.21140430316639397,0.028467834310669158,1.7953482866287231,0.0,0.625970244407653,3.8819444444444446,3,"[36, 38, 40, 42]"
cumulative_layers,layers_37_39_41_43,argument_through_end,pseudoinverse_coordinate_swap,semantic,0.5,33,11,4.261363632751234,3.549242424061805,5.076728216174877,1.0,0.030303030303030304,0.20225452251421866,0.027774930934273002,1.7489029169082642,0.0,0.607144355773925,3.9097222089767456,3,"[37, 39, 41, 43]"
cumulative_layers,layers_38_39_40_41,argument_through_end,pseudoinverse_coordinate_swap,semantic,0.5,33,11,4.1553030266906275,3.477083329720931,4.987736735380057,1.0,0.030303030303030304,0.19010738674268973,0.025283890368882064,1.7489029169082642,0.0,0.588131785392761,3.777777764532301,3,"[38, 39, 40, 41]"
cumulative_layers,layers_39_40_41,argument_through_end,pseudoinverse_coordinate_swap,semantic,0.5,33,11,3.672348481236082,3.0511363598433405,4.442282189925511,1.0,0.030303030303030304,0.13140544468170043,0.036205616680260365,1.637488722801208,0.0,0.5625426173210141,3.21875,3,"[39, 40, 41]"
cumulative_layers,layers_40,argument_through_end,pseudoinverse_coordinate_swap,semantic,0.5,33,11,3.497159087296688,2.8522017045454544,4.22357953841036,1.0,0.030303030303030304,0.11108026019241035,0.0906580081491755,1.637488722801208,0.0,0.529918313026428,2.7135416666666665,3,[40]
cumulative_layers,layers_40_41,argument_through_end,pseudoinverse_coordinate_swap,semantic,0.5,33,11,3.776515147902749,3.070075757485448,4.634517041932454,1.0,0.030303030303030304,0.1395782105568228,0.048475661563728914,1.637488722801208,0.0,0.529918313026428,3.0677083333333335,3,"[40, 41]"
cumulative_layers,layers_40_41_42_43,argument_through_end,pseudoinverse_coordinate_swap,semantic,0.5,33,11,3.856060602448203,3.1382575721451733,4.6999999963875965,1.0,0.030303030303030304,0.1343991521491918,0.025207990560870606,1.628148436546325,0.0,0.529918313026428,3.109375,3,"[40, 41, 42, 43]"
cumulative_layers,layers_41_42_43,argument_through_end,pseudoinverse_coordinate_swap,semantic,0.5,33,11,3.7793560569936577,3.0965435569033484,4.607339015061203,1.0,0.030303030303030304,0.12239421180195394,0.029907359410608368,1.620604395866394,0.0,0.522739887237548,2.8958333333333335,3,"[41, 42, 43]"
cumulative_layers,layers_42_43,argument_through_end,pseudoinverse_coordinate_swap,semantic,0.5,33,11,3.7490530266906275,3.0964488600239606,4.535132572235483,1.0,0.030303030303030304,0.11591958824657986,0.03934993643479397,1.620604395866394,0.0,0.509735107421875,2.90625,3,"[42, 43]"
cumulative_layers,layers_43,argument_through_end,pseudoinverse_coordinate_swap,semantic,0.5,33,11,3.660037875175476,3.0264677995082105,4.426396776780937,1.0,0.030303030303030304,0.10510360019874128,0.0736375440928064,1.620604395866394,0.0,0.509735107421875,2.8645833333333335,3,[43]
layer_sweep,layer_28,all_prompt_positions,pseudoinverse_coordinate_swap,semantic,1.0,33,11,11.625,8.863162878787879,14.487192234848484,1.0,0.696969696969697,5.0009196575335935,0.07546280809875644,2.6705975532531743,0.0,0.7733210325241081,9.090277777777779,3,[28]
layer_sweep,layer_29,all_prompt_positions,pseudoinverse_coordinate_swap,semantic,1.0,33,11,11.584280303030303,8.919460227272726,14.412192234848483,1.0,0.696969696969697,5.004000439619024,0.07232265682382971,2.6991147994995113,0.0,0.7778326272964471,9.090277777777779,3,[29]
layer_sweep,layer_30,all_prompt_positions,pseudoinverse_coordinate_swap,semantic,1.0,33,11,11.485795440095844,8.639086158347851,14.461410984848484,1.0,0.696969696969697,4.8756359133474305,0.06959181098323822,2.755695104598999,0.0,0.7876098155975341,8.916666613684761,3,[30]
layer_sweep,layer_31,all_prompt_positions,pseudoinverse_coordinate_swap,semantic,1.0,33,11,11.139204531004935,8.353101310585485,14.109351325757576,1.0,0.6666666666666666,4.707695652109881,0.071585592108242,2.866931438446045,0.0,0.8007908463478081,8.701388835906982,3,[31]
layer_sweep,layer_32,all_prompt_positions,pseudoinverse_coordinate_swap,semantic,1.0,33,11,11.857954545454545,9.18454071969697,14.65812026515151,1.0,0.7575757575757576,5.163009254600514,0.07271188418521973,2.734405755996704,0.0,0.7866466641426081,8.92361111111111,3,[32]
layer_sweep,layer_33,all_prompt_positions,pseudoinverse_coordinate_swap,semantic,1.0,33,11,11.791666666666666,9.245691287878788,14.581557765151516,1.0,0.7272727272727273,5.185886211128849,0.07603129112359197,2.227025032043457,0.0,0.7041747570037841,8.722222222222221,3,[33]
layer_sweep,layer_34,all_prompt_positions,pseudoinverse_coordinate_swap,semantic,1.0,33,11,11.914772712823117,9.233854109951945,14.899810606060605,1.0,0.7272727272727273,5.154159373575539,0.08109200587778333,2.07620620727539,0.0,0.6704385280609131,8.819444391462538,3,[34]
layer_sweep,layer_35,all_prompt_positions,pseudoinverse_coordinate_swap,semantic,1.0,33,11,11.472537878787879,8.751751893939394,14.496567234848477,1.0,0.6666666666666666,4.8825977639944265,0.09980642569787528,1.982486009597778,0.0,0.6486684083938591,8.402777777777779,3,[35]
layer_sweep,layer_36,all_prompt_positions,pseudoinverse_coordinate_swap,semantic,1.0,33,11,11.596590909090908,8.87594696969697,14.6764678030303,1.0,0.7575757575757576,4.987585015369184,0.11664500900290177,1.9342367649078371,0.0,0.625970244407653,8.29861111111111,3,[36]
layer_sweep,layer_37,all_prompt_positions,pseudoinverse_coordinate_swap,semantic,1.0,33,11,11.712121212121213,8.978006628787877,14.838423295454543,1.0,0.7575757575757576,5.031672202276461,0.11544484825748334,1.856811881065368,0.0,0.607144355773925,8.26388888888889,3,[37]
layer_sweep,layer_38,all_prompt_positions,pseudoinverse_coordinate_swap,semantic,1.0,33,11,11.774621212121213,9.040317234848485,14.852130681818178,1.0,0.7878787878787878,5.076688267967918,0.10837926749478635,1.7953482866287231,0.0,0.588131785392761,8.215277777777779,3,[38]
layer_sweep,layer_39,all_prompt_positions,pseudoinverse_coordinate_swap,semantic,1.0,33,11,11.553977272727273,8.809517045454546,14.661245265151514,1.0,0.7272727272727273,4.925496031840642,0.1338938637213269,1.7489029169082642,0.0,0.5625426173210141,8.17361111111111,3,[39]
layer_sweep,layer_40,all_prompt_positions,pseudoinverse_coordinate_swap,semantic,1.0,33,11,11.535037878787879,8.720265151515152,14.78283617424242,1.0,0.7272727272727273,4.8955001560124485,0.1266399472951884,1.637488722801208,0.0,0.529918313026428,8.402777777777779,3,[40]
layer_sweep,layer_41,all_prompt_positions,pseudoinverse_coordinate_swap,semantic,1.0,33,11,11.477272727272727,8.633451704545454,14.741619318181815,1.0,0.696969696969697,4.763595569314378,0.12131832291682518,1.628148436546325,0.0,0.522739887237548,8.322916666666666,3,[41]
layer_sweep,layer_42,all_prompt_positions,pseudoinverse_coordinate_swap,semantic,1.0,33,11,11.547348477623679,8.730942205768644,14.78809184901641,1.0,0.7272727272727273,4.813836576360645,0.10940326953476072,1.6027100086212152,0.0,0.506779193878173,8.317708333333334,3,[42]
layer_sweep,layer_43,all_prompt_positions,pseudoinverse_coordinate_swap,semantic,1.0,33,11,11.398674242424242,8.67327178030303,14.61725852272727,1.0,0.7272727272727273,4.741176716305993,0.10436461346619007,1.620604395866394,0.0,0.509735107421875,8.208333333333334,3,[43]
layer_sweep,layer_44,all_prompt_positions,pseudoinverse_coordinate_swap,semantic,1.0,33,11,11.264204545454545,8.509469696969697,14.515553977272724,1.0,0.6666666666666666,4.683521744879809,0.09917392344637309,1.6398452520370481,0.0,0.519355297088623,8.109375,3,[44]
layer_sweep,layer_45,all_prompt_positions,pseudoinverse_coordinate_swap,semantic,1.0,33,11,11.169507575757576,8.41444128787879,14.437784090909089,1.0,0.6666666666666666,4.630911855083523,0.09426052405527091,1.612765789031982,0.0,0.505016028881073,7.953125,3,[45]
layer_sweep,layer_46,all_prompt_positions,pseudoinverse_coordinate_swap,semantic,1.0,33,11,11.006628787878787,8.258309659090909,14.232078598484847,1.0,0.6363636363636364,4.456256954055844,0.09103055941787581,1.569211721420288,0.0,0.483028918504714,7.8125,3,[46]
layer_sweep,layer_47,all_prompt_positions,pseudoinverse_coordinate_swap,semantic,1.0,33,11,10.767045454545455,8.02523674242424,13.960653409090908,1.0,0.6363636363636364,4.244910646117095,0.09068678240432831,1.5701541900634761,0.0,0.48116219043731606,7.619791666666667,3,[47]
layer_sweep,layer_48,all_prompt_positions,pseudoinverse_coordinate_swap,semantic,1.0,33,11,10.291666666666666,7.489464962121213,13.484327651515148,1.0,0.6060606060606061,3.9975708878853102,0.09485623229182076,1.593464374542236,0.0,0.49493795633316,7.166666666666667,3,[48]
layer_sweep,layer_49,all_prompt_positions,pseudoinverse_coordinate_swap,semantic,1.0,33,11,9.266098481236082,6.619294503692426,12.25833333333333,1.0,0.45454545454545453,3.371530762563149,0.10308933325789148,1.584265947341919,0.0,0.49699383974075306,6.192708333333333,3,[49]
layer_sweep,layer_50,all_prompt_positions,pseudoinverse_coordinate_swap,semantic,1.0,33,11,8.726325753963355,6.240364579811241,11.476562499909688,1.0,0.3939393939393939,3.084458908179041,0.09617099109472604,1.5529416799545281,0.0,0.480912387371063,5.630208333333333,3,[50]
layer_sweep,layer_51,all_prompt_positions,pseudoinverse_coordinate_swap,semantic,1.0,33,11,7.980113632751234,5.948768935871848,10.41995738284154,1.0,0.3333333333333333,2.3660614073953847,0.1068770063645908,1.510724544525146,0.0,0.45010143518447804,5.546875,3,[51]
layer_sweep,layer_52,all_prompt_positions,pseudoinverse_coordinate_swap,semantic,1.0,33,11,6.569128784266385,5.138328594872446,8.095691284176075,1.0,0.21212121212121213,1.393497386326392,0.11718715095158733,1.5450682640075681,0.0,0.48352444171905506,4.75,3,[52]
position_sweep,layer_32__all_prompt_positions,all_prompt_positions,pseudoinverse_coordinate_swap,semantic,1.0,33,11,11.854166666666666,9.186292613636365,14.659872159090904,1.0,0.7575757575757576,5.146804835816676,0.07279349863529151,2.734405755996704,0.0,0.7866466641426081,8.916666666666666,3,[32]
position_sweep,layer_32__argument_through_end,argument_through_end,pseudoinverse_coordinate_swap,semantic,1.0,33,11,11.844696969696969,9.162807765151515,14.671661931818182,1.0,0.7575757575757576,5.145058618237575,0.10324145210060161,2.734405755996704,0.0,0.7866466641426081,8.88888888888889,3,[32]
position_sweep,layer_32__argument_token_position,argument_token_position,pseudoinverse_coordinate_swap,semantic,1.0,33,11,7.182765137065541,3.13248104615645,11.342069128787875,0.9696969696969697,0.30303030303030304,2.3820161104337205,0.15705088523188282,2.734405755996704,0.0,0.7866466641426081,0.4374999602635701,3,[32]
position_sweep,layer_32__final_prompt_position,final_prompt_position,pseudoinverse_coordinate_swap,semantic,1.0,33,11,0.1098484414996522,0.015151514790274878,0.20454542600747305,0.696969696969697,0.0,0.0011238749079476998,0.035413980145345456,2.734405755996704,0.0,0.7866466641426081,0.02083329359690342,3,[32]
position_sweep,layer_33__all_prompt_positions,all_prompt_positions,pseudoinverse_coordinate_swap,semantic,1.0,33,11,11.776515151515152,9.221235795454547,14.574029356060606,1.0,0.7272727272727273,5.170167004717796,0.07610145956277803,2.227025032043457,0.0,0.7041747570037841,8.70138888888889,3,[33]
position_sweep,layer_33__argument_through_end,argument_through_end,pseudoinverse_coordinate_swap,semantic,1.0,33,11,11.78314393939394,9.206439393939394,14.593016098484847,1.0,0.7272727272727273,5.171642954545942,0.10896502852891388,2.227025032043457,0.0,0.7041747570037841,8.70138888888889,3,[33]
position_sweep,layer_33__argument_token_position,argument_token_position,pseudoinverse_coordinate_swap,semantic,1.0,33,11,6.887310620510217,3.088660051967159,10.86212121212121,0.9696969696969697,0.2727272727272727,2.305465267117446,0.15849976568962543,2.227025032043457,0.0,0.7041747570037841,0.4479167064030965,3,[33]
position_sweep,layer_33__final_prompt_position,final_prompt_position,pseudoinverse_coordinate_swap,semantic,1.0,33,11,0.1505681637561682,0.041666652126745723,0.27840907311800756,0.7878787878787878,0.0,0.0014690815865334695,0.04073463438191588,2.227025032043457,0.0,0.7041747570037841,0.031249960263570086,3,[33]
position_sweep,layer_34__all_prompt_positions,all_prompt_positions,pseudoinverse_coordinate_swap,semantic,1.0,33,11,11.887310606060606,9.214725378787879,14.858522727272723,1.0,0.7272727272727273,5.13452976981573,0.08116711495500567,2.07620620727539,0.0,0.6704385280609131,8.777777777777779,3,[34]
position_sweep,layer_34__argument_through_end,argument_through_end,pseudoinverse_coordinate_swap,semantic,1.0,33,11,11.885416666666666,9.21534090909091,14.879024621212121,1.0,0.7272727272727273,5.143429822881114,0.11463886025277004,2.07620620727539,0.0,0.6704385280609131,8.729166666666666,3,[34]
position_sweep,layer_34__argument_token_position,argument_token_position,pseudoinverse_coordinate_swap,semantic,1.0,33,11,6.25094696969697,2.94580965909091,9.485203598484848,0.9393939393939394,0.30303030303030304,2.3160398437660965,0.14857398588774734,2.07620620727539,0.0,0.6704385280609131,0.4322916666666667,3,[34]
position_sweep,layer_34__final_prompt_position,final_prompt_position,pseudoinverse_coordinate_swap,semantic,1.0,33,11,0.2689393903269912,0.1174242422436223,0.4687499928655046,0.8787878787878788,0.0,0.0021575830167306345,0.055615742817859276,2.07620620727539,0.0,0.6704385280609131,0.10416666666666667,3,[34]
strength_sweep,layer_32__all_prompt_positions__alpha_0.25,all_prompt_positions,pseudoinverse_coordinate_swap,semantic,0.25,33,11,0.5208333297209307,0.40719696238185404,0.6562499893434118,0.9696969696969697,0.0,0.0023310716254244467,0.018192604635700514,2.734405755996704,0.0,0.7866466641426081,0.4791666666666667,3,[32]
strength_sweep,layer_32__all_prompt_positions__alpha_0.5,all_prompt_positions,pseudoinverse_coordinate_swap,semantic,0.5,33,11,1.853219707806905,1.3844223590511266,2.446070075757576,1.0,0.030303030303030304,0.06659287775189313,0.036385209666508066,2.734405755996704,0.0,0.7866466641426081,1.6822916666666667,3,[32]
strength_sweep,layer_32__all_prompt_positions__alpha_1,all_prompt_positions,pseudoinverse_coordinate_swap,semantic,1.0,33,11,11.847537878787879,9.173177083333334,14.649337121212117,1.0,0.7575757575757576,5.1529112868575435,0.07277041899435396,2.734405755996704,0.0,0.7866466641426081,8.909722222222221,3,[32]
strength_sweep,layer_32__all_prompt_positions__alpha_1.5,all_prompt_positions,pseudoinverse_coordinate_swap,semantic,1.5,33,11,15.659564393939394,12.963873106060609,18.57868134469697,1.0,0.9393939393939394,6.639769998463717,0.10915562860441885,2.734405755996704,0.0,0.7866466641426081,12.006944444444445,3,[32]
strength_sweep,layer_32__all_prompt_positions__alpha_2,all_prompt_positions,pseudoinverse_coordinate_swap,semantic,2.0,33,11,16.550189379489783,13.918394828926433,19.41695075757576,1.0,0.9393939393939394,6.7361579988942,0.1455408379887085,2.734405755996704,0.0,0.7866466641426081,12.854166613684761,3,[32]
strength_sweep,layer_34__all_prompt_positions__alpha_0.25,all_prompt_positions,pseudoinverse_coordinate_swap,semantic,0.25,33,11,0.5530302994179003,0.4308475105148372,0.6950757684129657,0.9696969696969697,0.0,0.0023424521266745798,0.020281249544385153,2.07620620727539,0.0,0.6704385280609131,0.515625,3,[34]
strength_sweep,layer_34__all_prompt_positions__alpha_0.5,all_prompt_positions,pseudoinverse_coordinate_swap,semantic,0.5,33,11,1.9176136327512336,1.4706439389423893,2.461245265061205,1.0,0.030303030303030304,0.046866671025230455,0.040562499201658456,2.07620620727539,0.0,0.6704385280609131,1.8125,3,[34]
strength_sweep,layer_34__all_prompt_positions__alpha_1,all_prompt_positions,pseudoinverse_coordinate_swap,semantic,1.0,33,11,11.888257561307965,9.211126837224674,14.858522727272728,1.0,0.7272727272727273,5.144801293810208,0.08112499885486785,2.07620620727539,0.0,0.6704385280609131,8.777777724795872,3,[34]
strength_sweep,layer_34__all_prompt_positions__alpha_1.5,all_prompt_positions,pseudoinverse_coordinate_swap,semantic,1.5,33,11,15.708806818181818,13.02253787878788,18.632859848484845,1.0,0.9393939393939394,6.645947649623409,0.12168749760497641,2.07620620727539,0.0,0.6704385280609131,12.041666666666666,3,[34]
strength_sweep,layer_34__all_prompt_positions__alpha_2,all_prompt_positions,pseudoinverse_coordinate_swap,semantic,2.0,33,11,16.611742424242426,13.914749053030306,19.466098484848484,1.0,0.9393939393939394,6.724201836369255,0.16224999770973625,2.07620620727539,0.0,0.6704385280609131,12.902777777777779,3,[34]
strength_sweep,layer_34__argument_through_end__alpha_0.25,argument_through_end,pseudoinverse_coordinate_swap,semantic,0.25,33,11,0.5454545346173373,0.4337121246439038,0.6789772549361893,0.9696969696969697,0.0,0.0022373786310759375,0.02863844636488988,2.07620620727539,0.0,0.6704385280609131,0.5052083333333334,3,[34]
strength_sweep,layer_34__argument_through_end__alpha_0.5,argument_through_end,pseudoinverse_coordinate_swap,semantic,0.5,33,11,1.923295436483441,1.4857481060606061,2.459303962823116,1.0,0.030303030303030304,0.04755721851005028,0.05727689329421828,2.07620620727539,0.0,0.6704385280609131,1.8125,3,[34]
strength_sweep,layer_34__argument_through_end__alpha_1,argument_through_end,pseudoinverse_coordinate_swap,semantic,1.0,33,11,11.880681818181818,9.197514204545456,14.878243371212118,1.0,0.696969696969697,5.138594227927652,0.11455378613688677,2.07620620727539,0.0,0.6704385280609131,8.722222222222221,3,[34]
strength_sweep,layer_34__argument_through_end__alpha_1.5,argument_through_end,pseudoinverse_coordinate_swap,semantic,1.5,33,11,15.700757575757576,13.008404356060606,18.623603219696967,1.0,0.9393939393939394,6.650935294050159,0.17183068214040764,2.07620620727539,0.0,0.6704385280609131,12.020833333333334,3,[34]
strength_sweep,layer_34__argument_through_end__alpha_2,argument_through_end,pseudoinverse_coordinate_swap,semantic,2.0,33,11,16.61221590909091,13.92734375,19.478491950757576,1.0,0.9393939393939394,6.7328829982063985,0.22910757227377412,2.07620620727539,0.0,0.6704385280609131,12.895833333333334,3,[34]
